[{"_id":"68c528a92699678a33ca289c","name":{"ar":"طقم سن سيل حفر يدوي","he":"טקמ סנ סיל חפר ידוי"},"description":{"ar":"س","he":""},"mainCategory":"عدة وأدوات","subCategory":"أدوات ومستلزمات","images":["https://i.imgur.com/TSGjHb9.png"],"ownershipType":"ours","createdAt":"2025-09-13T08:17:45.115Z","updatedAt":"2025-10-01T12:55:24.059Z","__v":0,"discount":0,"tags":[],"measures":[],"colors":[]},{"_id":"68c520c22699678a33ca2864","name":{"ar":"زاويه ٥X١٠","he":"זאויה 5X10"},"description":{"ar":"زاوية حديد 10cm x 5cm","he":""},"mainCategory":"لوازم نجارين","subCategory":"زوايا","images":["https://i.imgur.com/IFuWUev.png"],"ownershipType":"ours","createdAt":"2025-09-13T07:44:02.706Z","updatedAt":"2025-10-01T12:55:24.059Z","__v":0,"discount":0,"tags":[],"measures":[],"colors":[]},{"_id":"68c520902699678a33ca285f","name":{"ar":"زوايا براغي جامبو 5cm x 5cm","he":"זואיא בראגי גאמבו 5CM x 5CM"},"description":{"ar":"زاوية حديد لتعليق الخزائن","he":""},"mainCategory":"لوازم نجارين","subCategory":"زوايا","images":["https://i.imgur.com/x8Mm6Hg.png"],"ownershipType":"ours","createdAt":"2025-09-13T07:43:12.042Z","updatedAt":"2025-10-01T12:55:24.059Z","__v":0,"discount":0,"tags":[],"measures":[],"colors":[]},{"_id":"68c520802699678a33ca285c","name":{"ar":"زواية 3X3","he":"זואיה 3X3"},"description":{"ar":"زاوية حديد 3cm x 3cm\nالبيع بالعلبه تتكون من ١٠٠ وحده","he":""},"mainCategory":"لوازم نجارين","subCategory":"زوايا","images":["https://i.imgur.com/d3dklZ2.png"],"ownershipType":"ours","createdAt":"2025-09-13T07:42:56.142Z","updatedAt":"2025-10-01T12:55:24.059Z","__v":0,"discount":0,"tags":[],"measures":[],"colors":[]},{"_id":"68c520052699678a33ca2859","name":{"ar":"نصله بوز شد 15cm","he":"נסלה בוז שד 15CM"},"description":{"ar":"d","he":""},"mainCategory":"عدة وأدوات","subCategory":"ريش وبوز شد","images":["https://i.imgur.com/IolQuHp.png"],"ownershipType":"ours","createdAt":"2025-09-13T07:40:53.009Z","updatedAt":"2025-10-01T12:55:24.059Z","__v":0,"discount":0,"tags":[],"measures":[],"colors":[]},{"_id":"68c51fe82699678a33ca2856","name":{"ar":"نصله بوز شد","he":"נסלה בוז שד"},"description":{"ar":"d","he":""},"mainCategory":"عدة وأدوات","subCategory":"ريش وبوز شد","images":["https://i.imgur.com/lBA49U7.png"],"ownershipType":"ours","createdAt":"2025-09-13T07:40:24.076Z","updatedAt":"2025-10-01T12:55:24.059Z","__v":0,"discount":0,"tags":[],"measures":[],"colors":[]},{"_id":"68c2ccf17ea49389c3814a9b","name":{"ar":"ريش جكسون Hans","he":"ריש גכסונ HANS"},"description":{"ar":"ي","he":""},"mainCategory":"عدة وأدوات","subCategory":"ريش وبوز شد","images":["https://i.imgur.com/lszK89e.png"],"ownershipType":"ours","createdAt":"2025-09-11T13:21:53.854Z","updatedAt":"2025-10-01T12:55:24.059Z","__v":0,"discount":0,"tags":[],"measures":[],"colors":[]},{"_id":"68c2ccd77ea49389c3814a95","name":{"ar":"ريش جكسون Bush","he":"ריש גכסונ BUSH"},"description":{"ar":"ي","he":""},"mainCategory":"عدة وأدوات","subCategory":"ريش وبوز شد","images":["https://i.imgur.com/Gkkm2KJ.png"],"ownershipType":"ours","createdAt":"2025-09-11T13:21:27.947Z","updatedAt":"2025-10-01T12:55:24.059Z","__v":0,"discount":0,"tags":[],"measures":[],"colors":[]},{"_id":"68c2c0517ea49389c3814942","name":{"ar":"ريش امباك عادي","he":"ריש אמבאכ עאדי"},"description":{"ar":"ي","he":""},"mainCategory":"عدة وأدوات","subCategory":"ريش وبوز شد","images":["https://i.imgur.com/Tc5J6DJ.png"],"ownershipType":"ours","createdAt":"2025-09-11T12:28:01.013Z","updatedAt":"2025-10-01T12:55:24.059Z","__v":0,"discount":0,"tags":[],"measures":[],"colors":[]},{"_id":"68c2be557ea49389c381491b","name":{"ar":"فرد Meite 1022J","he":"אקדח MEITE 1022J"},"description":{"ar":"ي","he":""},"mainCategory":"عدة وأدوات","subCategory":"فرود","images":["https://i.imgur.com/OqlYjk6.png"],"ownershipType":"ours","createdAt":"2025-09-11T12:19:33.322Z","updatedAt":"2025-10-01T12:55:24.059Z","__v":0,"discount":0,"tags":[],"measures":[],"colors":[]},{"_id":"68c2be327ea49389c3814918","name":{"ar":"فرد Meite 7116B","he":"אקדח MEITE 7116B"},"description":{"ar":"ي","he":""},"mainCategory":"عدة وأدوات","subCategory":"فرود","images":["https://i.imgur.com/W7flpbA.png"],"ownershipType":"ours","createdAt":"2025-09-11T12:18:58.200Z","updatedAt":"2025-10-01T12:55:24.059Z","__v":0,"discount":0,"tags":[],"measures":[],"colors":[]},{"_id":"68c2bca37ea49389c3814907","name":{"ar":"ماكنه حف متي","he":"מאכנה חפ מתי"},"description":{"ar":"ي","he":""},"mainCategory":"عدة وأدوات","subCategory":"أدوات حف","images":["https://i.imgur.com/eT9zAuA.png"],"ownershipType":"ours","createdAt":"2025-09-11T12:12:19.747Z","updatedAt":"2025-10-01T12:55:24.059Z","__v":0,"discount":0,"tags":[],"measures":[],"colors":[]},{"_id":"68c2bc747ea49389c3814904","name":{"ar":"فرد كبسات متي جوده عاليه 7/14","he":"אקדח כבסאת מתי גודה עאליה 7/14"},"description":{"ar":"ي","he":""},"mainCategory":"عدة وأدوات","subCategory":"فرود","images":["https://i.imgur.com/1ONJ3OS.png"],"ownershipType":"ours","createdAt":"2025-09-11T12:11:32.618Z","updatedAt":"2025-10-01T12:55:24.059Z","__v":0,"discount":0,"tags":[],"measures":[],"colors":[]},{"_id":"68c27cce7ea49389c38141af","name":{"ar":"زاوية تسوكل فضي","he":"זווית תסוכל פדי"},"description":{"ar":"زاويه بنيل الامنيوم ارتفاع ١٠ سم متوفره بعده الوان (أسود, أبيض, فضي)","he":""},"mainCategory":"اكسسوارات مطابخ","subCategory":"تسوكل","images":["https://i.imgur.com/Usdu0Lq.png"],"ownershipType":"ours","createdAt":"2025-09-11T07:39:58.119Z","updatedAt":"2025-10-01T12:55:24.059Z","__v":0,"discount":0,"tags":[],"measures":[],"colors":[]},{"_id":"68c268547ea49389c3814117","name":{"ar":"سلة مطبخ 5 طبقات هايدروليك","he":"סלה מטבח 5 טבקאת האידרוליכ"},"description":{"ar":"سلة مطبخ 5 طبقات هايدروليك لون سكني متوفر مقاسات (30cm, 35cm, 40cm, 45cm)","he":""},"mainCategory":"اكسسوارات مطابخ","subCategory":"سلات","images":["https://i.imgur.com/ltXUOp8.png","https://i.imgur.com/LQudMzF.png","https://i.imgur.com/HR0zoXv.png","https://i.imgur.com/IQjpZuz.png","https://i.imgur.com/aYVVVA4.png"],"ownershipType":"ours","createdAt":"2025-09-11T06:12:36.563Z","updatedAt":"2025-10-01T12:55:24.059Z","__v":0,"discount":0,"tags":[],"measures":[],"colors":[]},{"_id":"68c267837ea49389c3814100","name":{"ar":"زاوية تسوكل أسود","he":"זווית תסוכל אסוד"},"description":{"ar":"زاويه بنيل الامنيوم ارتفاع ١٠ سم متوفره بعده الوان (أسود, أبيض, فضي)","he":""},"mainCategory":"اكسسوارات مطابخ","subCategory":"تسوكل","images":["https://i.imgur.com/4HnlQgO.png","https://i.imgur.com/5VP1Zco.png"],"ownershipType":"ours","createdAt":"2025-09-11T06:09:07.867Z","updatedAt":"2025-10-01T12:55:24.059Z","__v":0,"discount":0,"tags":[],"measures":[],"colors":[]},{"_id":"68c267447ea49389c38140fb","name":{"ar":"رجل بلاستك تسوكل ١٠سم","he":"רגל בלאסתכ תסוכל 10 ס\"מ"},"description":{"ar":"رجل بلاستيك مع ملقط للمطبخ جوده عاليه ارتفاع ١٠ سم.","he":""},"mainCategory":"اكسسوارات مطابخ","subCategory":"تسوكل","images":["https://i.imgur.com/f4U55YK.png"],"ownershipType":"ours","createdAt":"2025-09-11T06:08:04.647Z","updatedAt":"2025-10-01T12:55:24.059Z","__v":0,"discount":0,"tags":[],"measures":[],"colors":[]},{"_id":"68be90d37ea49389c381299c","name":{"ar":"يد باب سحاب ثقيل 600103","he":"ידית דלת סחאב כבד 600103"},"description":{"ar":"يد باب سحاب ثقيل ٤٠ سم","he":""},"mainCategory":"مقابض أبواب","subCategory":"مقابض بوابات وباب سحاب","images":["https://i.imgur.com/JPMPnyU.png"],"ownershipType":"ours","createdAt":"2025-09-08T08:16:19.882Z","updatedAt":"2025-10-02T10:57:52.992Z","__v":0,"discount":0,"tags":[],"measures":[],"colors":[]},{"_id":"68be8e9e7ea49389c381296b","name":{"ar":"يد باب سحاب 156","he":"ידית דלת סחאב 156"},"description":{"ar":"يد باب سحاب ثقيل 25 سم","he":""},"mainCategory":"مقابض أبواب","subCategory":"مقابض بوابات وباب سحاب","images":["https://i.imgur.com/VZ6oJ7H.png"],"ownershipType":"ours","createdAt":"2025-09-08T08:06:54.369Z","updatedAt":"2025-10-02T10:58:23.143Z","__v":0,"discount":0,"tags":[],"measures":[],"colors":[]},{"_id":"68be8e3c7ea49389c3812968","name":{"ar":"يدي باب سحاب 155","he":"ידי דלת סחאב 155"},"description":{"ar":"يد باب سحاب ثقيل 25 سم","he":""},"mainCategory":"مقابض أبواب","subCategory":"مقابض بوابات وباب سحاب","images":["https://i.imgur.com/9hZ2u6R.png"],"ownershipType":"ours","createdAt":"2025-09-08T08:05:16.928Z","updatedAt":"2025-10-02T10:59:05.094Z","__v":0,"discount":0,"tags":[],"measures":[],"colors":[]},{"_id":"68be8dda7ea49389c3812962","name":{"ar":"يد باب سحاب اسود ثقيل 768","he":"ידית דלת סחאב אסוד כבד 768"},"description":{"ar":"يد باب سحاب ثقيل 25 سم","he":""},"mainCategory":"مقابض أبواب","subCategory":"مقابض بوابات وباب سحاب","images":["https://i.imgur.com/JN4WA2f.png"],"ownershipType":"ours","createdAt":"2025-09-08T08:03:38.949Z","updatedAt":"2025-10-02T10:59:23.726Z","__v":0,"discount":0,"tags":[],"measures":[],"colors":[]},{"_id":"68be8da97ea49389c381295f","name":{"ar":"يد باب سحاب ثقيل 166","he":"ידית דלת סחאב כבד 166"},"description":{"ar":"يد باب سحاب ثقيل 25 سم","he":""},"mainCategory":"مقابض أبواب","subCategory":"مقابض بوابات وباب سحاب","images":["https://i.imgur.com/Ko8Or1k.png"],"ownershipType":"ours","createdAt":"2025-09-08T08:02:49.294Z","updatedAt":"2025-10-02T10:59:45.761Z","__v":0,"discount":0,"tags":[],"measures":[],"colors":[]},{"_id":"68be8d797ea49389c381295c","name":{"ar":"يد باب سحاب ثقيل 157","he":"ידית דלת סחאב כבד 157"},"description":{"ar":"يد باب سحاب ثقيل 25 سم","he":""},"mainCategory":"مقابض أبواب","subCategory":"مقابض بوابات وباب سحاب","images":["https://i.imgur.com/YYqrULl.png"],"ownershipType":"ours","createdAt":"2025-09-08T08:02:01.124Z","updatedAt":"2025-10-02T10:59:59.144Z","__v":0,"discount":0,"tags":[],"measures":[],"colors":[]},{"_id":"68be8adcd9ff36fc8eee7d56","name":{"ar":"كنت بشتان 1416","he":"קנט בשתאנ 1416"},"description":{"ar":"كنت بشتان 1416 عرض ٢٢ملم خمالة ١,٢ملم pvc","he":""},"mainCategory":"لوازم نجارين","subCategory":"كنت","images":["https://i.imgur.com/5xak1hT.png"],"ownershipType":"ours","createdAt":"2025-09-08T07:50:52.352Z","updatedAt":"2025-10-01T12:55:24.059Z","__v":0,"discount":0,"tags":[],"measures":[],"colors":[]},{"_id":"68be8448d9ff36fc8eee7c5c","name":{"ar":"كنت 1532","he":"קנט 1532"},"description":{"ar":"كنت 1532 عرض ٢٢ ملم خمالة ١,٢ ملم pvc","he":""},"mainCategory":"لوازم نجارين","subCategory":"كنت","images":["https://i.imgur.com/VuY5SmT.png"],"ownershipType":"ours","createdAt":"2025-09-08T07:22:48.874Z","updatedAt":"2025-10-01T12:55:24.059Z","__v":0,"discount":0,"tags":[],"measures":[],"colors":[]},{"_id":"68be83d6d9ff36fc8eee7c4f","name":{"ar":"كنت 5165","he":"קנט 5165"},"description":{"ar":"كنت 5165 عرض ٢٢ ملم خمالة ١,٢ ملم pvc","he":""},"mainCategory":"لوازم نجارين","subCategory":"كنت","images":["https://i.imgur.com/n4QXpFD.png"],"ownershipType":"ours","createdAt":"2025-09-08T07:20:54.537Z","updatedAt":"2025-10-01T12:55:24.059Z","__v":0,"discount":0,"tags":[],"measures":[],"colors":[]},{"_id":"68be836ad9ff36fc8eee7c42","name":{"ar":"كنت 3000","he":"קנט 3000"},"description":{"ar":"كنت 3000 عرض ٢٢ ملم خمالة ١,٢ ملم pvc","he":""},"mainCategory":"لوازم نجارين","subCategory":"كنت","images":["https://i.imgur.com/eZljfW8.png"],"ownershipType":"ours","createdAt":"2025-09-08T07:19:06.454Z","updatedAt":"2025-10-01T12:55:24.059Z","__v":0,"discount":0,"tags":[],"measures":[],"colors":[]},{"_id":"68be8254d9ff36fc8eee7c35","name":{"ar":"كنت 3207","he":"קנט 3207"},"description":{"ar":"كنت 3207 عرض ٢٢ ملم خمالة ١,٢ ملم pvc","he":""},"mainCategory":"لوازم نجارين","subCategory":"كنت","images":["https://i.imgur.com/rJhQ7h9.png"],"ownershipType":"ours","createdAt":"2025-09-08T07:14:28.697Z","updatedAt":"2025-10-01T12:55:24.059Z","__v":0,"discount":0,"tags":[],"measures":[],"colors":[]},{"_id":"68be81ded9ff36fc8eee7c1e","name":{"ar":"كنت 5181","he":"קנט 5181"},"description":{"ar":"كنت 5181 عرض ٢٢ ملم خمالة ١,٢ ملم pvc","he":""},"mainCategory":"لوازم نجارين","subCategory":"كنت","images":["https://i.imgur.com/YRmbgmL.png"],"ownershipType":"ours","createdAt":"2025-09-08T07:12:30.087Z","updatedAt":"2025-10-01T12:55:24.059Z","__v":0,"discount":0,"tags":[],"measures":[],"colors":[]},{"_id":"68be8109d9ff36fc8eee7bce","name":{"ar":"كنت 1480 G","he":"קנט 1480 G"},"description":{"ar":"كنت 1480G عرض ٢٢ ملم خمالة ١,٢ ملم pvc","he":""},"mainCategory":"لوازم نجارين","subCategory":"كنت","images":["https://i.imgur.com/4ADtKNF.png"],"ownershipType":"ours","createdAt":"2025-09-08T07:08:57.555Z","updatedAt":"2025-10-01T12:55:24.059Z","__v":0,"discount":0,"tags":[],"measures":[],"colors":[]},{"_id":"68bd7cbe8e635f2a33edb83d","name":{"ar":"يد باب 9903","he":"ידית דלת 9903"},"description":{"ar":"30","he":""},"mainCategory":"مقابض خزائن","subCategory":"يد عادي","images":["https://i.imgur.com/dfIl636.png"],"ownershipType":"ours","createdAt":"2025-09-07T12:38:22.366Z","updatedAt":"2025-10-05T09:31:20.596Z","__v":0,"discount":0,"tags":[],"measures":[],"colors":[]},{"_id":"68bd7a378e635f2a33edb7fb","name":{"ar":"يد خزانة 9570","he":"ידית ארון 9570"},"description":{"ar":"ي","he":""},"mainCategory":"مقابض خزائن","subCategory":"يد عادي","images":["https://i.imgur.com/xRl10em.png"],"ownershipType":"ours","createdAt":"2025-09-07T12:27:35.843Z","updatedAt":"2025-10-01T12:55:24.059Z","__v":0,"discount":0,"tags":[],"measures":[],"colors":[]},{"_id":"68bd78e08e635f2a33edb7d7","name":{"ar":"يد خزانة 7163","he":"ידית ארון 7163"},"description":{"ar":"30","he":""},"mainCategory":"مقابض خزائن","subCategory":"يد عادي","images":["https://i.imgur.com/saa91ub.png"],"ownershipType":"ours","createdAt":"2025-09-07T12:21:52.452Z","updatedAt":"2025-10-01T12:55:24.059Z","__v":0,"discount":0,"tags":[],"measures":[],"colors":[]},{"_id":"68bd75c78e635f2a33edb78d","name":{"ar":"يد خزانة 787","he":"ידית ארון 787"},"description":{"ar":"ي","he":""},"mainCategory":"مقابض خزائن","subCategory":"يد عادي","images":["https://i.imgur.com/zMN3CIt.png"],"ownershipType":"ours","createdAt":"2025-09-07T12:08:39.951Z","updatedAt":"2025-10-01T12:55:24.059Z","__v":0,"discount":0,"tags":[],"measures":[],"colors":[]},{"_id":"68b835a89c66402b8bc650d5","name":{"ar":"صينية قص اصلي ايطالي ٩٦ سن A","he":"סיניה חיתוך אסלי איטאלי 96 סנ A"},"description":{"ar":"d","he":""},"mainCategory":"عدة وأدوات","subCategory":"صواني قص","images":["https://i.imgur.com/vmmPOqu.png","https://i.imgur.com/vrt0ReO.png"],"ownershipType":"ours","createdAt":"2025-09-03T12:33:44.103Z","updatedAt":"2025-10-01T12:55:24.059Z","__v":0,"discount":0,"tags":[],"measures":[],"colors":[]},{"_id":"68b8358c9c66402b8bc650d2","name":{"ar":"صينية قص ٩٦ سن جوده عالية","he":"סיניה חיתוך 96 סנ גודה עאליה"},"description":{"ar":"c","he":""},"mainCategory":"عدة وأدوات","subCategory":"صواني قص","images":["https://i.imgur.com/j1Bhhot.png","https://i.imgur.com/EucJq6W.png"],"ownershipType":"ours","createdAt":"2025-09-03T12:33:16.167Z","updatedAt":"2025-10-01T12:55:24.059Z","__v":0,"discount":0,"tags":[],"measures":[],"colors":[]},{"_id":"68b835719c66402b8bc650cf","name":{"ar":"ريش CNC Cove 1/4*1","he":"ריש CNC COVE 1/4*1"},"description":{"ar":"c","he":""},"mainCategory":"عدة وأدوات","subCategory":"CNCs","images":["https://i.imgur.com/PZjJ5bJ.png"],"ownershipType":"ours","createdAt":"2025-09-03T12:32:49.945Z","updatedAt":"2025-10-01T12:55:24.059Z","__v":0,"discount":0,"tags":[],"measures":[],"colors":[]},{"_id":"68b835469c66402b8bc650cc","name":{"ar":"ريش CNC V Carving 1/2*1/2","he":"ריש CNC V CARVING 1/2*1/2"},"description":{"ar":"c","he":""},"mainCategory":"عدة وأدوات","subCategory":"CNCs","images":["https://i.imgur.com/I4Ofa3s.png"],"ownershipType":"ours","createdAt":"2025-09-03T12:32:06.595Z","updatedAt":"2025-10-01T12:55:24.059Z","__v":0,"discount":0,"tags":[],"measures":[],"colors":[]},{"_id":"68b8352d9c66402b8bc650c9","name":{"ar":"ريش CNC Cove 1/4*3/8","he":"ריש CNC COVE 1/4*3/8"},"description":{"ar":"c","he":""},"mainCategory":"عدة وأدوات","subCategory":"CNCs","images":["https://i.imgur.com/N5Qixds.png"],"ownershipType":"ours","createdAt":"2025-09-03T12:31:41.643Z","updatedAt":"2025-10-01T12:55:24.059Z","__v":0,"discount":0,"tags":[],"measures":[],"colors":[]},{"_id":"68b835109c66402b8bc650c6","name":{"ar":"ريش CNC Cove 1/2*3/8","he":"ריש CNC COVE 1/2*3/8"},"description":{"ar":"d","he":""},"mainCategory":"عدة وأدوات","subCategory":"CNCs","images":["https://i.imgur.com/izLADTC.png"],"ownershipType":"ours","createdAt":"2025-09-03T12:31:12.496Z","updatedAt":"2025-10-01T12:55:24.059Z","__v":0,"discount":0,"tags":[],"measures":[],"colors":[]},{"_id":"68b834de9c66402b8bc650c3","name":{"ar":"ريش CNC Cove 1/2*1","he":"ריש CNC COVE 1/2*1"},"description":{"ar":"d","he":""},"mainCategory":"عدة وأدوات","subCategory":"CNCs","images":["https://i.imgur.com/lly13CH.png"],"ownershipType":"ours","createdAt":"2025-09-03T12:30:22.070Z","updatedAt":"2025-10-01T12:55:24.059Z","__v":0,"discount":0,"tags":[],"measures":[],"colors":[]},{"_id":"68b834ab9c66402b8bc650c0","name":{"ar":"ريش CNC V Carving 1/4*1/4","he":"ריש CNC V CARVING 1/4*1/4"},"description":{"ar":"c","he":""},"mainCategory":"عدة وأدوات","subCategory":"CNCs","images":["https://i.imgur.com/gCtfJ4o.png"],"ownershipType":"ours","createdAt":"2025-09-03T12:29:31.426Z","updatedAt":"2025-10-01T12:55:24.059Z","__v":0,"discount":0,"tags":[],"measures":[],"colors":[]},{"_id":"68b834649c66402b8bc650bd","name":{"ar":"ريش CNC V Carving 1/2*1-1/2","he":"ריש CNC V CARVING 1/2*1-1/2"},"description":{"ar":"d","he":""},"mainCategory":"عدة وأدوات","subCategory":"CNCs","images":["https://i.imgur.com/e5lMMvt.png"],"ownershipType":"ours","createdAt":"2025-09-03T12:28:20.897Z","updatedAt":"2025-10-01T12:55:24.059Z","__v":0,"discount":0,"tags":[],"measures":[],"colors":[]},{"_id":"68b834019c66402b8bc650ba","name":{"ar":"ريشه قص 4 ملم طول 25 ملم قاعده 1/2","he":"מקדח חיתוך 4 מ\"מ אורך 25 מ\"מ בסיס 1/2"},"description":{"ar":"c","he":""},"mainCategory":"عدة وأدوات","subCategory":"CNCs","images":["https://i.imgur.com/Kgdtq9W.png"],"ownershipType":"ours","createdAt":"2025-09-03T12:26:41.192Z","updatedAt":"2025-10-01T12:55:24.059Z","__v":0,"discount":0,"tags":[],"measures":[],"colors":[]},{"_id":"68b833cd9c66402b8bc650b7","name":{"ar":"ريشه قص 4 ملم طول 25 ملم قاعده 1/4","he":"מקדח חיתוך 4 מ\"מ אורך 25 מ\"מ בסיס 1/4"},"description":{"ar":"c","he":""},"mainCategory":"عدة وأدوات","subCategory":"CNCs","images":["https://i.imgur.com/yGOWoII.png"],"ownershipType":"ours","createdAt":"2025-09-03T12:25:49.888Z","updatedAt":"2025-10-01T12:55:24.059Z","__v":0,"discount":0,"tags":[],"measures":[],"colors":[]},{"_id":"68b833619c66402b8bc650b2","name":{"ar":"ريشه قص 6 ملم طول 20 ملم قاعده 1/4","he":"מקדח חיתוך 6 מ\"מ אורך 20 מ\"מ בסיס 1/4"},"description":{"ar":"c","he":""},"mainCategory":"عدة وأدوات","subCategory":"CNCs","images":["https://i.imgur.com/5epRfjd.png"],"ownershipType":"ours","createdAt":"2025-09-03T12:24:01.233Z","updatedAt":"2025-10-01T12:55:24.059Z","__v":0,"discount":0,"tags":[],"measures":[],"colors":[]},{"_id":"68b6e55e5d4caf9a1b056386","name":{"ar":"كنت 1480","he":"קנט 1480"},"description":{"ar":"كنت 1480 عرض ٢٢ ملم خمالة ١,٢ ملم pvc","he":""},"mainCategory":"لوازم نجارين","subCategory":"كنت","images":["https://i.imgur.com/HaNz5qw.png"],"ownershipType":"ours","createdAt":"2025-09-02T12:38:54.058Z","updatedAt":"2025-10-01T12:55:24.059Z","__v":0,"discount":0,"tags":[],"measures":[],"colors":[]},{"_id":"68b6e5005d4caf9a1b056379","name":{"ar":"كنت 3130","he":"קנט 3130"},"description":{"ar":"كنت 3130 سكني فاتح عرض ٢٢ ملم خمالة ١,٢ ملم pvc","he":""},"mainCategory":"لوازم نجارين","subCategory":"كنت","images":["https://i.imgur.com/SarZPFU.png"],"ownershipType":"ours","createdAt":"2025-09-02T12:37:20.435Z","updatedAt":"2025-10-01T12:55:24.059Z","__v":0,"discount":0,"tags":[],"measures":[],"colors":[]},{"_id":"68b6e4c15d4caf9a1b05636f","name":{"ar":"كنت 3102","he":"קנט 3102"},"description":{"ar":"كنت 3102 بيج فاتح عرض ٢٢ ملم خمالة ١,٢ ملم pvc","he":""},"mainCategory":"لوازم نجارين","subCategory":"كنت","images":["https://i.imgur.com/z1gRvDV.png"],"ownershipType":"ours","createdAt":"2025-09-02T12:36:17.214Z","updatedAt":"2025-10-01T12:55:24.059Z","__v":0,"discount":0,"tags":[],"measures":[],"colors":[]},{"_id":"68b6e38d5d4caf9a1b056362","name":{"ar":"كنت 2112","he":"קנט 2112"},"description":{"ar":"كنت 2112 عرض ٢٢ ملم خمالة ١,٢ ملم pvc","he":""},"mainCategory":"لوازم نجارين","subCategory":"كنت","images":["https://i.imgur.com/NwXIfMe.png"],"ownershipType":"ours","createdAt":"2025-09-02T12:31:09.300Z","updatedAt":"2025-10-01T12:55:24.059Z","__v":0,"discount":0,"tags":[],"measures":[],"colors":[]}]